job,mse,mae
00_base_patchtst_ETTh1,0.3792846202850342,0.3996133804321289
01_base_patchtst_ETTh2,0.2921454906463623,0.3451899290084839
02_base_patchtst_ETTm1,0.32676345109939575,0.3664170801639557
03_base_patchtst_ETTm2,0.18275144696235657,0.2678815424442291
04_base_itransformer_ETTh1,0.3949736952781677,0.4097905158996582
05_base_itransformer_ETTh2,0.30040282011032104,0.3496180772781372
06_base_itransformer_ETTm1,0.3412827253341675,0.3764435648918152
07_base_itransformer_ETTm2,0.1837874799966812,0.2668643295764923
08_base_dlinear_ETTh1,0.3961580991744995,0.4108412563800812
09_base_dlinear_ETTh2,0.3414474129676819,0.3952932059764862
10_base_dlinear_ETTm1,0.34594660997390747,0.3737088739871979
11_base_dlinear_ETTm2,0.19342845678329468,0.2928171455860138
20_desc_patchtst_ETTh1,0.3785560131072998,0.3991767466068268
20_desc_patchtst_ETTh2,0.29590222239494324,0.3502250611782074
20_desc_patchtst_ETTm1,0.329439252614975,0.3659621775150299
20_desc_patchtst_ETTm2,0.18442289531230927,0.2681216597557068
21_desc_itransformer_ETTh1,0.41806626319885254,0.4255580008029938
21_desc_itransformer_ETTh2,0.3009132146835327,0.3502662479877472
21_desc_itransformer_ETTm1,0.3605228066444397,0.38489675521850586
21_desc_itransformer_ETTm2,0.185745969414711,0.27113252878189087
22_desc_dlinear_ETTh1,0.3965150713920593,0.4111095666885376
22_desc_dlinear_ETTh2,0.35080528259277344,0.4027709662914276
22_desc_dlinear_ETTm1,0.34535300731658936,0.3719710409641266
22_desc_dlinear_ETTm2,0.18741756677627563,0.2843751609325409
30_valuemtp_patchtst_ETTh1,0.3800852596759796,0.3976423144340515
30_valuemtp_patchtst_ETTm1,0.4268653988838196,0.41850313544273376
31_valuemtp_itransformer_ETTh1,0.4085538983345032,0.41997388005256653
31_valuemtp_itransformer_ETTm1,0.4084340035915375,0.41192924976348877
32_fredf_patchtst_ETTh1,0.3811141848564148,0.4015267789363861
32_fredf_patchtst_ETTm1,0.3277757465839386,0.36750328540802
33_fredf_itransformer_ETTh1,0.3992011845111847,0.41445547342300415
33_fredf_itransformer_ETTm1,0.34568047523498535,0.37958812713623047
40_base_patchtst_ETTh1_pl192,0.42739158868789673,0.4324563443660736
40_base_patchtst_ETTh1_pl336,0.47826895117759705,0.4643406867980957
40_base_patchtst_ETTh1_pl720,0.5220447182655334,0.5063005685806274
40_base_patchtst_ETTm1_pl192,0.36998817324638367,0.3902907073497772
40_base_patchtst_ETTm1_pl336,0.398205041885376,0.4084261953830719
40_base_patchtst_ETTm1_pl720,0.45774972438812256,0.4444485604763031
41_desc_patchtst_ETTh1_pl192,0.44205036759376526,0.4416961073875427
41_desc_patchtst_ETTh1_pl336,0.48432692885398865,0.46589332818984985
41_desc_patchtst_ETTh1_pl720,0.5162801146507263,0.509250819683075
41_desc_patchtst_ETTm1_pl192,0.38175469636917114,0.3950022757053375
41_desc_patchtst_ETTm1_pl336,0.40226688981056213,0.40787506103515625
41_desc_patchtst_ETTm1_pl720,0.46696171164512634,0.4479464590549469
42_base_itransformer_ETTh1_pl192,0.4485335052013397,0.44116443395614624
42_base_itransformer_ETTh1_pl336,0.49213314056396484,0.46538490056991577
42_base_itransformer_ETTh1_pl720,0.521519124507904,0.504103422164917
42_base_itransformer_ETTm1_pl192,0.3806188106536865,0.3949023187160492
42_base_itransformer_ETTm1_pl336,0.4190817177295685,0.4189203083515167
42_base_itransformer_ETTm1_pl720,0.48627620935440063,0.45559579133987427
43_desc_itransformer_ETTh1_pl192,0.47751760482788086,0.45954808592796326
43_desc_itransformer_ETTh1_pl336,0.5245904326438904,0.48545074462890625
43_desc_itransformer_ETTh1_pl720,0.555655837059021,0.521987795829773
43_desc_itransformer_ETTm1_pl192,0.3965364694595337,0.3992975354194641
43_desc_itransformer_ETTm1_pl336,0.43916091322898865,0.42664435505867004
43_desc_itransformer_ETTm1_pl720,0.533426821231842,0.478630393743515
44_base_itransformer_weather,0.175338014960289,0.2159026861190796
44_base_patchtst_weather,0.17610463500022888,0.21949520707130432
45_desc_itransformer_weather,0.18500950932502747,0.22722797095775604
45_desc_patchtst_weather,0.18053291738033295,0.22245275974273682
46_fredf_itransformer_weather,0.1738584190607071,0.21323007345199585
46_fredf_patchtst_weather,0.17692506313323975,0.2171993851661682
47_base_dlinear_ECL,0.21036775410175323,0.3015504479408264
47_base_itransformer_ECL,0.14876241981983185,0.24055476486682892
47_base_patchtst_ECL,0.18004591763019562,0.27295705676078796
48_desc_dlinear_ECL,0.21038450300693512,0.3015923500061035
48_desc_itransformer_ECL,0.2605432868003845,0.34875982999801636
48_desc_patchtst_ECL,0.19217202067375183,0.28098204731941223
49_base_itransformer_traffic,0.3914419114589691,0.26811113953590393
49_base_patchtst_traffic,0.45815253257751465,0.2981296181678772
50_desc_itransformer_traffic,1.408460259437561,0.7944368720054626
50_desc_patchtst_traffic,0.5198558568954468,0.33928507566452026
55_desc_itransformer_ETTh1_w01,0.4008963406085968,0.41351476311683655
55_desc_itransformer_ETTh1_w03,0.4059014618396759,0.4174875020980835
55_desc_itransformer_ETTm1_w01,0.34577676653862,0.3792479336261749
55_desc_itransformer_ETTm1_w03,0.35486966371536255,0.3832949697971344
55_desc_patchtst_ETTh1_w01,0.3747110664844513,0.3959585130214691
55_desc_patchtst_ETTh1_w03,0.3760599195957184,0.39747995138168335
55_desc_patchtst_ETTm1_w01,0.32279157638549805,0.3629724979400635
55_desc_patchtst_ETTm1_w03,0.3250514566898346,0.3637138307094574
56_valuemtp_itransformer_ETTh1_w005,0.3952556252479553,0.4099676012992859
56_valuemtp_itransformer_ETTh1_w01,0.3959442675113678,0.4105091392993927
56_valuemtp_itransformer_ETTm1_w005,0.35262301564216614,0.3827055096626282
56_valuemtp_itransformer_ETTm1_w01,0.36049044132232666,0.3855670690536499
56_valuemtp_patchtst_ETTh1_w005,0.3787570297718048,0.39934200048446655
56_valuemtp_patchtst_ETTh1_w01,0.37896376848220825,0.39908987283706665
56_valuemtp_patchtst_ETTm1_w005,0.34359318017959595,0.370342880487442
56_valuemtp_patchtst_ETTm1_w01,0.3596639931201935,0.38159674406051636
60_shuffle_desc_patchtst_ETTh1,0.38421857357025146,0.39994916319847107
60_shuffle_desc_patchtst_ETTm1,0.3390100300312042,0.37398070096969604
61_shuffle_desc_itransformer_ETTh1,0.4035664200782776,0.4156242609024048
61_shuffle_desc_itransformer_ETTm1,0.3456527888774872,0.37753769755363464
70_base_patchtst_ETTh1_s2022,0.37955421209335327,0.3989187479019165
70_base_patchtst_ETTh1_s2023,0.38437315821647644,0.4034498929977417
70_base_patchtst_ETTm1_s2022,0.32623812556266785,0.3672926425933838
70_base_patchtst_ETTm1_s2023,0.32664841413497925,0.36551231145858765
71_desc_patchtst_ETTh1_w01_s2022,0.381074994802475,0.39904242753982544
71_desc_patchtst_ETTh1_w01_s2023,0.3776949346065521,0.3978917598724365
71_desc_patchtst_ETTm1_w01_s2022,0.3245268762111664,0.36454567313194275
71_desc_patchtst_ETTm1_w01_s2023,0.32479843497276306,0.36483338475227356
72_desc_itransformer_ETTh1_w001,0.39481157064437866,0.4094487428665161
72_desc_itransformer_ETTh1_w003,0.3955986201763153,0.4097825288772583
72_desc_itransformer_ETTm1_w001,0.34260714054107666,0.377550333738327
72_desc_itransformer_ETTm1_w003,0.34381479024887085,0.3782595694065094
73_desc_itransformer_ETTh1_pl192,0.4514983892440796,0.44304266571998596
73_desc_itransformer_ETTh1_pl336,0.4966978430747986,0.46790483593940735
73_desc_itransformer_ETTh1_pl720,0.5241873860359192,0.5037310719490051
73_desc_itransformer_ETTm1_pl192,0.38460350036621094,0.3951413333415985
73_desc_itransformer_ETTm1_pl336,0.4182089865207672,0.4164409935474396
73_desc_itransformer_ETTm1_pl720,0.4887694716453552,0.4543590843677521
73_desc_patchtst_ETTh1_pl192,0.4324086010456085,0.4365832507610321
73_desc_patchtst_ETTh1_pl336,0.5042238831520081,0.4779227375984192
73_desc_patchtst_ETTh1_pl720,0.5300527215003967,0.5171718001365662
73_desc_patchtst_ETTm1_pl192,0.3846321403980255,0.3991994857788086
73_desc_patchtst_ETTm1_pl336,0.3991740643978119,0.4084584414958954
73_desc_patchtst_ETTm1_pl720,0.46054962277412415,0.44855454564094543
74_desc_itransformer_ECL_w001,0.1501234769821167,0.2425430417060852
74_desc_itransformer_ECL_w01,0.1666070967912674,0.2602166533470154
74_desc_itransformer_traffic_w001,0.3955842852592468,0.2715659439563751
74_desc_itransformer_traffic_w01,0.7751970291137695,0.5064554214477539
74_desc_patchtst_ECL_w001,0.18087002635002136,0.27317771315574646
74_desc_patchtst_ECL_w01,0.1844106763601303,0.2748699486255646
74_desc_patchtst_traffic_w001,0.46143221855163574,0.2986988127231598
74_desc_patchtst_traffic_w01,0.47563856840133667,0.30631622672080994
80_descch_patchtst_ETTh1,0.38236358761787415,0.3990328907966614
80_descch_patchtst_ETTm1,0.328326553106308,0.3659251928329468
81_descch_itransformer_ETTh1,0.4119061231613159,0.4210205674171448
81_descch_itransformer_ETTm1,0.35001248121261597,0.38055336475372314
82_descch_patchtst_ECL,0.1825190931558609,0.27484819293022156
83_descch_itransformer_ECL,0.1611098349094391,0.25823578238487244
84_descch_patchtst_traffic,0.47588589787483215,0.3100288212299347
85_descch_itransformer_traffic,0.5470356345176697,0.39511004090309143
90_hcan_patchst_ETTh1,0.39249804615974426,0.40754297375679016
90_hcan_patchst_ETTm1,0.3337949812412262,0.36927998065948486
91_hcan_itransformer_ETTh1,0.4072382152080536,0.4171319305896759
91_hcan_itransformer_ETTm1,0.3491866886615753,0.3768611550331116
a0_desccond_concat_itransformer_ETTh1_w01,0.3967500329017639,0.4109053313732147
a0_desccond_concat_itransformer_ETTm1_w01,0.3429342806339264,0.37672296166419983
a0_desccond_concat_patchtst_ETTh1_w01,0.37843623757362366,0.3984885513782501
a0_desccond_concat_patchtst_ETTm1_w01,0.32976576685905457,0.368286669254303
a1_desccond_film_itransformer_ETTh1_w01,0.40211182832717896,0.4153750240802765
a1_desccond_film_itransformer_ETTm1_w01,0.3501317501068115,0.38127294182777405
a1_desccond_film_patchtst_ETTh1_w01,0.3823108971118927,0.4004491865634918
a1_desccond_film_patchtst_ETTm1_w01,0.33188360929489136,0.3690795600414276
a2_desccond_concat_itransformer_ETTh1_w1,0.4072173535823822,0.41722917556762695
a2_desccond_concat_itransformer_ETTm1_w1,0.35011523962020874,0.378081738948822
a2_desccond_concat_patchtst_ETTh1_w1,0.3825967609882355,0.4006000757217407
a2_desccond_concat_patchtst_ETTm1_w1,0.32867151498794556,0.36657899618148804
a3_descnearmid_itransformer_ETTh1_w01,0.3996635377407074,0.4125707447528839
a3_descnearmid_itransformer_ETTm1_w01,0.3450341820716858,0.3788832724094391
a3_descnearmid_patchtst_ETTh1_w01,0.37386900186538696,0.3955851197242737
a3_descnearmid_patchtst_ETTm1_w01,0.32332488894462585,0.3632431626319885
a4_descnear_itransformer_ETTh1_w01,0.39443251490592957,0.40909701585769653
a4_descnear_itransformer_ETTm1_w01,0.3415150046348572,0.37702056765556335
a4_descnear_patchtst_ETTh1_w01,0.37687233090400696,0.3982495069503784
a4_descnear_patchtst_ETTm1_w01,0.3309394419193268,0.3689296245574951
a5_descmid_itransformer_ETTh1_w01,0.3990970253944397,0.41215378046035767
a5_descmid_itransformer_ETTm1_w01,0.3472656309604645,0.37944063544273376
a5_descmid_patchtst_ETTh1_w01,0.3739236295223236,0.39556533098220825
a5_descmid_patchtst_ETTm1_w01,0.32388538122177124,0.36343932151794434
a6_descfar_itransformer_ETTh1_w01,0.39593952894210815,0.41038697957992554
a6_descfar_itransformer_ETTm1_w01,0.3432239890098572,0.3780681788921356
a6_descfar_patchtst_ETTh1_w01,0.3776355981826782,0.39833584427833557
a6_descfar_patchtst_ETTm1_w01,0.3319859802722931,0.36990106105804443
b0_tsfm_bolts_descw01_ETTh1,0.3855401575565338,0.3844760060310364
b0_tsfm_bolts_descw10_ETTh1,0.3853512704372406,0.3844321072101593
b0_tsfm_bolts_none_ETTh1,0.3845636248588562,0.38412564992904663
b1_tsfm_bolts_descw01_ETTm1,0.32691654562950134,0.34355872869491577
b1_tsfm_bolts_descw10_ETTm1,0.3267627954483032,0.34401223063468933
b1_tsfm_bolts_none_ETTm1,0.3139258027076721,0.33984246850013733
b2_tsfm_bolts_zeroshot_ETTh1,0.43591606616973877,0.4017622470855713
b2_tsfm_bolts_zeroshot_ETTm1,0.9758988618850708,0.548254132270813
c0_rfau1_patchtst_ETTh1,0.3891655206680298,0.4055561423301697
c0_rfau1_patchtst_ETTm1,0.3262343406677246,0.36682167649269104
c0_rfau4_patchtst_ETTh1,0.41647326946258545,0.4199777841567993
c0_rfau4_patchtst_ETTm1,0.34350866079330444,0.3790799677371979
c1_rfau1_itransformer_ETTh1,0.4089772701263428,0.41713255643844604
c1_rfau1_itransformer_ETTm1,0.35226958990097046,0.3821636736392975
c1_rfau4_itransformer_ETTh1,0.4417456090450287,0.43569886684417725
c1_rfau4_itransformer_ETTm1,0.37644967436790466,0.3990848660469055
c2_rfhard_patchtst_ETTh1,0.38950327038764954,0.40483754873275757
c2_rfhard_patchtst_ETTm1,0.32682713866233826,0.3670215606689453
c3_rfseas_patchtst_ETTh1,0.3956080675125122,0.41119757294654846
c3_rfseas_patchtst_ETTm1,0.33551105856895447,0.37299227714538574
c4_rfbase_patchtst_ETTh1,0.38971540331840515,0.40632811188697815
c4_rfbase_patchtst_ETTm1,0.3337949216365814,0.3698805868625641
c5_rfgrad_patchtst_ETTh1,0.38793736696243286,0.4030754864215851
c5_rfgrad_patchtst_ETTm1,0.32389408349990845,0.36307674646377563
d0_rfau01_itransformer_ETTh1,0.39599308371543884,0.41025930643081665
d0_rfau01_itransformer_ETTm1,0.3426612913608551,0.37742114067077637
d0_rfau01_patchtst_ETTh1,0.3798007667064667,0.39994803071022034
d0_rfau01_patchtst_ETTm1,0.3269188404083252,0.3664182424545288
d0_rfau025_itransformer_ETTh1,0.39753225445747375,0.4109247028827667
d0_rfau025_itransformer_ETTm1,0.34509503841400146,0.3790617287158966
d0_rfau025_patchtst_ETTh1,0.3808375298976898,0.4004252851009369
d0_rfau025_patchtst_ETTm1,0.32746395468711853,0.3666253089904785
d0_rfau05_itransformer_ETTh1,0.40125736594200134,0.41289517283439636
d0_rfau05_itransformer_ETTm1,0.3480003774166107,0.3789374828338623
d0_rfau05_patchtst_ETTh1,0.38307568430900574,0.40184372663497925
d0_rfau05_patchtst_ETTm1,0.3291975259780884,0.3675500154495239
d1_rfgrad025_patchtst_ETTh1,0.3800332844257355,0.3999835252761841
d1_rfgrad025_patchtst_ETTm1,0.32649362087249756,0.365285187959671
d1_rfgrad05_patchtst_ETTh1,0.382037490606308,0.40091463923454285
d1_rfgrad05_patchtst_ETTm1,0.32763493061065674,0.36526671051979065
d2_rfau01_patchtst_ECL,0.1790800541639328,0.27137112617492676
d2_rfau01_patchtst_traffic,0.45627719163894653,0.297493577003479
d2_rfau05_patchtst_ECL,0.17680488526821136,0.2671743333339691
d2_rfau05_patchtst_traffic,0.4538725018501282,0.297193318605423
d2_rfau1_patchtst_ECL,0.17578718066215515,0.26483359932899475
d2_rfau1_patchtst_traffic,0.4559093415737152,0.30005618929862976
e0_base_patchtst_swat,0.22743280231952667,0.17250551283359528
e1_base_patchtst_censor,0.3396942913532257,0.2970949709415436
e2_deschgate_patchtst_ETTh1,0.3753897547721863,0.39904895424842834
e3_deschgate_patchtst_ETTm1,0.3316159248352051,0.36912602186203003
e4_deschgate_patchtst_ECL,0.17839762568473816,0.26767200231552124
e5_deschgate_notrain_patchtst_ECL,0.17521417140960693,0.2638249695301056
f0_base_patchtst_ECL_s2022,0.18048931658267975,0.2732979953289032
f0_base_patchtst_ECL_s2023,0.1802334189414978,0.2724897563457489
f0_rfau1_patchtst_ECL_s2022,0.17617535591125488,0.2645927667617798
f0_rfau1_patchtst_ECL_s2023,0.17625539004802704,0.26479843258857727
f1_rfau2_patchtst_ECL,0.1759689748287201,0.26347512006759644
f2_rfau05_itransformer_ECL,0.1515086442232132,0.24324266612529755
f2_rfau1_itransformer_ECL,0.155189648270607,0.24717764556407928
f3_rfau05_patchtst_swat,0.2275620400905609,0.16758789122104645
f3_rfau1_patchtst_swat,0.23049592971801758,0.1687152236700058
f4_base_patchtst_penm,4.169070243835449,0.7097235321998596
g0_base_dlinear_ECL,0.21036775410175323,0.3015504479408264
g0_base_timemixer_ECL,0.156096950173378,0.24737323820590973
g0_base_timesnet_ECL,0.16777265071868896,0.2715875208377838
g1_rfau1_dlinear_ECL,0.21444828808307648,0.30779165029525757
g1_rfau1_timemixer_ECL,0.15883152186870575,0.24978263676166534
g1_rfau1_timesnet_ECL,0.17495594918727875,0.2775186598300934
g2_base_patchtst_ECL_pl192,0.18744733929634094,0.279684841632843
g2_base_patchtst_ECL_pl336,0.20426218211650848,0.29598701000213623
g2_base_patchtst_ECL_pl720,0.2455451637506485,0.3283374607563019
g3_rfau1_patchtst_ECL_pl192,0.18300357460975647,0.27138420939445496
g3_rfau1_patchtst_ECL_pl336,0.19878220558166504,0.2872849404811859
g3_rfau1_patchtst_ECL_pl720,0.23964855074882507,0.320602148771286
h0_base_patchtst_sztaxi,0.30278241634368896,0.3834518790245056
h1_rfau05_patchtst_sztaxi,0.302937388420105,0.382922887802124
h1_rfau1_patchtst_sztaxi,0.3038216531276703,0.3831423223018646
h1_rfau2_patchtst_sztaxi,0.30577099323272705,0.38404861092567444
h2_base_patchtst_bizobs,0.540007472038269,0.33202508091926575
h3_rfau05_patchtst_bizobs,0.5330196022987366,0.3314228653907776
h3_rfau1_patchtst_bizobs,0.5306993722915649,0.33522897958755493
h3_rfau2_patchtst_bizobs,0.53267502784729,0.3491904139518738
h4_rfseas_patchtst_ECL,0.18171414732933044,0.27602848410606384
h5_rfzero_patchtst_ECL,0.1760571449995041,0.26517194509506226
h6_rfhard_patchtst_ECL,0.17534270882606506,0.26305773854255676
h7_rfaw_patchtst_ECL,0.17567645013332367,0.26570168137550354
h8_hcan_patchst_ECL,0.19663631916046143,0.28669804334640503
i0_boltft_none_sztaxi,0.306414932012558,0.3793950378894806
i1_boltft_rfau05_sztaxi,0.3151780962944031,0.3836261034011841
i1_boltft_rfau1_sztaxi,0.32037827372550964,0.3862384557723999
i1_boltft_rfau2_sztaxi,0.32894089818000793,0.3909803032875061
i2_boltft_none_solar,0.19008587300777435,0.2200053185224533
i3_boltft_rfau1_solar,0.1999298483133316,0.21063004434108734
j0_base_patchtst_traffic_s2022,0.46224865317344666,0.29782161116600037
j0_base_patchtst_traffic_s2023,0.45898616313934326,0.2979430854320526
j1_rfau05_patchtst_traffic_s2022,0.4575166404247284,0.29805654287338257
j1_rfau05_patchtst_traffic_s2023,0.45441338419914246,0.2968842089176178
j2_base_patchtst_bizobs_s2022,0.5376055240631104,0.32678234577178955
j2_base_patchtst_bizobs_s2023,0.5347780585289001,0.33456850051879883
j3_rfau1_patchtst_bizobs_s2022,0.5265012383460999,0.34394320845603943
j3_rfau1_patchtst_bizobs_s2023,0.5321753621101379,0.35478776693344116
j4_hcan_patchst_ECL_s2022,0.19761575758457184,0.28764498233795166
j4_hcan_patchst_ECL_s2023,0.1965097188949585,0.2870522737503052
j5_boltft_rfau1_sztaxi_s2022,0.3209622800350189,0.3852616250514984
j6_boltft_rfau1_solar_s2022,0.19731999933719635,0.21081194281578064
k0_base_patchtst_m4w,0.754301905632019,0.5078713893890381
k1_rfau1_patchtst_m4w,0.7169876098632812,0.4825667142868042
k2_base_patchtst_sauge,1.1933393478393555,0.5548515319824219
k3_rfau1_patchtst_sauge,1.2066404819488525,0.5659247636795044
k4_base_patchtst_usbirths,0.186422199010849,0.33493074774742126
k5_rfau1_patchtst_usbirths,0.18072733283042908,0.33153945207595825
k6_descvolfix_patchtst_ETTh1,0.37898388504981995,0.39900264143943787
k7_descvolfix_patchtst_ETTm1,0.3269709348678589,0.3649766743183136
m0_descvolms_patchtst_ETTh1,FAILED,FAILED
m1_descvolms_patchtst_ETTm1,FAILED,FAILED
m2_descvolqr_patchtst_ETTh1,0.38335075974464417,0.39742812514305115
m3_descvolqr_patchtst_ETTm1,0.3357408344745636,0.37289881706237793
n1_desclevel_patchtst_sauge,1.2245625257492065,0.5709457993507385
n2_desclevel_patchtst_m4w,0.759555459022522,0.5105103254318237
n3_desclevel_patchtst_ETTh1,0.3819800317287445,0.40073680877685547
o0_base_patchtst_m4w_s2022,0.7601439952850342,0.5131279826164246
o0_base_patchtst_m4w_s2023,0.7592692971229553,0.509731113910675
o0_base_patchtst_usbirths_s2022,0.21232368052005768,0.36132222414016724
o0_base_patchtst_usbirths_s2023,0.1830417811870575,0.3363809585571289
o1_rfau1_patchtst_m4w_s2022,0.7197967171669006,0.48555898666381836
o1_rfau1_patchtst_m4w_s2023,0.7177536487579346,0.4818395674228668
o1_rfau1_patchtst_usbirths_s2022,0.2162962555885315,0.3665124475955963
o1_rfau1_patchtst_usbirths_s2023,0.15624046325683594,0.30683594942092896
p0_base_timesnet_m4w,1.929965853691101,0.7543649077415466
p0_base_timesnet_m4w_s2022,2.1924378871917725,0.7744686007499695
p0_base_timesnet_m4w_s2023,1.9838533401489258,0.7685286402702332
p1_rfau1_timesnet_m4w,2.20851731300354,0.773307740688324
p1_rfau1_timesnet_m4w_s2022,2.2530081272125244,0.7774878144264221
p1_rfau1_timesnet_m4w_s2023,1.9579577445983887,0.761705756187439
p2_base_frets_m4w,1.4219024181365967,0.7487317323684692
p2_base_frets_m4w_s2022,1.4179121255874634,0.7515823841094971
p2_base_frets_m4w_s2023,1.3713963031768799,0.7377210855484009
p3_rfau1_frets_m4w,1.3275915384292603,0.7211231589317322
p3_rfau1_frets_m4w_s2022,1.3289026021957397,0.7268242835998535
p3_rfau1_frets_m4w_s2023,1.278663992881775,0.7101203799247742
q0_huber_patchtst_ECL,0.1804184913635254,0.2705497741699219
q1_mae_patchtst_ECL,0.18429963290691376,0.26807495951652527
q2_huber_patchtst_m4w,0.7378963828086853,0.492132306098938
q2_huber_patchtst_m4w_s2022,0.742202877998352,0.4965689182281494
q2_huber_patchtst_m4w_s2023,0.7414748668670654,0.49405160546302795
q3_mae_patchtst_m4w,0.7086755633354187,0.4680563807487488
q3_mae_patchtst_m4w_s2022,0.7054961323738098,0.4688887596130371
q3_mae_patchtst_m4w_s2023,0.7075227499008179,0.46637874841690063
q4_mae_frets_traffic,0.5799739360809326,0.34546536207199097
q5_mae_patchtst_traffic,0.4822927415370941,0.29093995690345764
r0_base_frets_traffic,0.5542492270469666,0.3604193329811096
r0_base_frets_traffic_s2022,0.5518006682395935,0.3596140742301941
r0_base_frets_traffic_s2023,0.5532406568527222,0.3606579005718231
r1_rfau1_frets_traffic,0.5597153306007385,0.37262630462646484
r1_rfau1_frets_traffic_s2022,0.5568575263023376,0.371812641620636
r1_rfau1_frets_traffic_s2023,0.5580410957336426,0.37264037132263184
r2_rfau1_itransformer_traffic,0.4086177349090576,0.2847251296043396
u0_valdump_ECL_base,0.18004591763019562,0.27295705676078796
u1_valdump_ECL_rfau1,0.17578718066215515,0.26483359932899475
u2_valdump_m4w_base,0.754301905632019,0.5078713893890381
u3_valdump_m4w_rfau1,0.7169876098632812,0.4825667142868042
v0_descw01_patchtst_weather,0.17439308762550354,0.21571451425552368
w0_base_patchtst_solar,0.2035657912492752,0.270230233669281
w0_base_patchtst_solar_s2022,0.20083129405975342,0.26502278447151184
w0_base_patchtst_solar_s2023,0.20200350880622864,0.26618480682373047
w1_rfau1_patchtst_solar,0.1966264545917511,0.2558392882347107
w1_rfau1_patchtst_solar_s2022,0.19694070518016815,0.25406748056411743
w1_rfau1_patchtst_solar_s2023,0.1976606249809265,0.25380590558052063
